D01	identical	39997440	39997440	39997440	1	1	yes
D02	differs	39997440	40397482	40397482	0	0	info
D03	identical	39997440	39997440	39997440	1	1	yes
D04	identical	39997440	39997440	39997440	1	1	yes
D05	identical	4100583 39997440 126963005111118748 249973 7788640639509509509	4100583 39997440 126963005111118748 249973 7788640639509509509	4100583 39997440 126963005111118748 249973 7788640639509509509	1	1	yes
D06	identical	4100583 39997440 126963005111118748 249973 7788640639509509509	4100583 39997440 126963005111118748 249973 7788640639509509509	4100583 39997440 126963005111118748 249973 7788640639509509509	1	1	yes
D07	identical	212921 4100583 173040039743212242 349140 12112540641776758857	212921 4100583 173040039743212242 349140 12112540641776758857	212921 4100583 173040039743212242 349140 12112540641776758857	1	1	yes
D08	identical	39997440 39997440	39997440 39997440	39997440 39997440	1	1	yes
D09	identical	1128	1128	1128	1	1	yes
D10	differs	1128	1134	1134	0	0	info
D11	identical	2240250	2240250	2240250	1	1	yes
D12	differs	2240250	2262791	2262791	0	0	info
D13	identical	2240250	2240250	2240250	1	1	yes
D14	differs	4032000	4071750	4071750	0	0	info
D15	identical	4032000	4032000	4032000	1	1	yes
D16	identical	1060054992597111920	1060054992597111920	1060054992597111920	1	1	yes
D17	identical	2067324 2058463100162537150	2067324 2058463100162537150	2067324 2058463100162537150	1	1	yes
D18	differs	603052704	609170400	609170400	0	0	info
D19	identical	2067324 231439555377791817	2067324 231439555377791817	2067324 231439555377791817	1	1	yes
D20	identical	2067324	2067324	2067324	1	1	yes
qid	expect	before	after	settled	after_equal	settled_equal	pass
