step	section	table	n_inserts	new_parts	parts_per_insert	n_rows	rows_per_s	insert_seconds	insert_memory_max
s16	changes	interface_changes	7	7	1	7970	106267	0.1	10645526
s16	dims	device_dim_src	4	1	0.25	2976	198400	0	4214345
s16	dims	device_site_src	4	1	0.25	2976	198400	0	4214345
s16	dims	location_src	4	2	0.5	972	64800	0	4214345
s16	fdb	fdb_presence	28	168	6	47675192	656575	72.6	634156377
s16	fdb	fdb_presence_by_mac	28	168	6	47675192	656575	72.6	634156377
s16	fdb	fdb_vlan_daily	28	84	3	833016	11472	72.6	634156377
s16	probes	probe_hourly	168	336	2	330396	19388	17	59021895
s16	probes	probe_intervals	168	168	1	9918720	582050	17	59021895
s16	samples	interface_daily	168	168	1	28297850	76605	369.4	898589506
s16	samples	interface_hourly	168	168	1	28297850	76605	369.4	898589506
s16	samples	interface_hourly_by_time	168	168	1	28297850	76605	369.4	898589506
s16	samples	interface_samples	168	336	2	275998464	747151	369.4	898589506
s16	syslog	syslog	168	504	3	20527061	248121	82.7	414667158
s16	syslog	syslog_by_scope	168	504	3	20527061	248121	82.7	414667158
s16	syslog	syslog_daily	168	504	3	2752562	33272	82.7	414667158
s16	syslog_flaps	syslog	7	21	3	6449	34303	0.2	42074641
s16	syslog_flaps	syslog_by_scope	7	21	3	6449	34303	0.2	42074641
s16	syslog_flaps	syslog_daily	7	21	3	3426	18223	0.2	42074641
s16	walks	set_walks	7	7	1	5999616	1236270	4.9	198172107
