step	qid	read_rows_P	read_rows_sum_per_tenant	ratio	additive_within_10pct	p95_ms_P	sum_ms_per_tenant
s1	PM05	679212	1649944	0.412	0	65	153
s1	PM08	297858	521988	0.571	0	7	64
s1	PM11	2766864	7207660	0.384	0	49	293
s1	PO01	351319	1411524	0.249	0	144	304
s1	PO08	38187	310766	0.123	0	6	69
s1	PO22	11762	235240	0.05	0	18	193
s16	PM05	729088	729088	1	1	53	108
s16	PM08	204800	335872	0.61	0	7	80
s16	PM11	2693352	4871102	0.553	0	44	309
s16	PO01	212992	368640	0.578	0	92	180
s16	PO08	49152	360448	0.136	0	6	61
s16	PO22	16384	172032	0.095	0	21	173
s1t	PM05	679212	1649944	0.412	0	66	174
s1t	PM08	297858	521988	0.571	0	7	73
s1t	PM11	2766864	7207660	0.384	0	48	343
s1t	PO01	351319	1411524	0.249	0	145	311
s1t	PO08	33581	218566	0.154	0	6	60
s1t	PO22	11762	235240	0.05	0	22	207
s4	PM05	729088	737280	0.989	1	53	112
s4	PM08	204800	335872	0.61	0	6	80
s4	PM11	2693352	4871102	0.553	0	44	308
s4	PO01	212992	368640	0.578	0	94	197
s4	PO08	47362	356868	0.133	0	5	61
s4	PO22	16384	172032	0.095	0	27	178
