step	qid	user	runs	read_rows	read_rows_spread	read_bytes	result_rows	memory_usage_max	p50_ms	p95_ms
s16	M01	svc_reader	4	32768	0	1016264	200	1452791	4	5
s16	M02	svc_reader	4	24576	0	671744	2016	664860	5	5
s16	M03	svc_reader	4	98304	0	3835632	1	5760741	8	9
s16	M04	svc_reader	4	11292	0	378067	0	429294	2	2
s16	M05	svc_reader	4	303104	0	22701644	122908	53533318	23	47
s16	M06	svc_reader	4	303104	0	22701644	20	49138857	45	47
s16	M07	svc_reader	4	32768	0	881199	893	1551050	7	8
s16	M08	svc_reader	4	8192	0	319488	144	1207665	4	4
s16	M09	svc_reader	4	163840	0	15757469	100	1084079	29	30
s16	M09N	svc_reader	4	294912	0	14210657	100	1275045	11	11
s16	M10	svc_reader	4	65536	0	3432509	200	6607223	9	9
s16	M11	svc_reader	4	1335296	0	27584704	200	1880574	24	24
s16	M12	svc_reader	4	8192	0	391648	14	4579719	5	5
s16	M13	svc_reader	4	92465	0	3267183	288	1623041	4	4
s16	M14	default	4	3989504	0	122478592	20	5985914	45	46
s16	M15	svc_reader	4	9792	0	187075	40	456421	2	2
s16	O01	analyst	4	114688	0	4542309	83	12722782	39	39
s16	O03	analyst	4	2066738	0	57868731	92	147063065	272	275
s16	O06	analyst	4	16384	0	3244032	200	24188684	19	20
s16	O06R	analyst	4	1040384	0	14491379	200	16227365	32	32
s16	O08	analyst	4	16384	0	458786	96	1089164	3	3
s16	O09	analyst	4	16384	0	475882	195	1157285	3	3
s16	O11	analyst	4	2056192	0	112135074	308	144675491	397	397
s16	O22	analyst	4	8192	0	366880	70	11329382	8	8
s16	O23	analyst	4	90560	0	3144964	2	2702657	10	10
s16	O23D	analyst	4	118856	0	3649524	2	3059667	12	12
s16	O30	analyst	4	16384	0	213221	12	876062	3	3
s16	O31	analyst	4	114688	0	3116280	4	14072592	24	25
s16	PM05	analyst	4	729088	0	27528072	400	12350836	52	53
s16	PM08	analyst	4	204800	0	2251796	144	1308584	7	7
s16	PM11	analyst	4	2693352	0	26933520	20	3286939	43	44
s16	PO01	analyst	4	212992	0	9001362	262	11717314	89	92
s16	PO08	analyst	4	49152	0	1377112	1115	2187521	5	6
s16	PO22	analyst	4	16384	0	1059874	210	24173983	21	21
s16	R01	analyst	4	303104	0	13180588	122908	7671137	35	36
s16	R02	analyst_t0	4	303104	0	13099603	122908	8801353	33	35
s16	R03	analyst	4	114688	0	3001592	18	7671602	27	27
s16	R04	analyst_t0	4	114688	0	3001592	18	7665355	26	27
s16	R10	analyst	4	49152	0	590680	160	1271154	4	4
s16	R11	analyst_partner	4	314587	0	1136080	160	1337886	11	11
s16	R12	analyst_partner_sq	4	49192	0	591700	160	1266441	4	4
s16	R13	analyst_partner	4	49152	0	590680	160	1315314	5	5
s16	R14	analyst_partner_sq	4	49192	0	591700	160	1342493	4	4
s16	R20	analyst	4	212992	0	5388523	20	11563836	64	64
s16	R21	analyst_partner	4	2285372	0	8353635	20	63655822	123	126
s16	R22	analyst_partner_sq	4	213032	0	5389543	20	11826418	64	64
