qid	user	rr_s1	rr_s1t	rr_s4	rr_s16	rr_max_over_min	rr_flat_10pct	rr_over_model_max	within_2x_model	p95_s1	p95_s1t	p95_s4	p95_s16	p95_max_over_min	p95_flat_1_5x	memory_usage_max
M01	svc_reader	131072	73728	49152	32768	4	0	1	1	8	5	5	5	1.6	0	3265687
M02	svc_reader	106496	49152	40960	24576	4.333	0	0.75	1	9	6	6	5	1.8	0	1105202
M03	svc_reader	90112	147456	122880	98304	1.636	0	0.58	1	8	10	10	9	1.25	1	8436356
M04	svc_reader	1192	2502	3926	11292	9.473	0	1.38	1	2	3	2	2	1.5	1	535322
M05	svc_reader	319488	319488	303104	303104	1.054	1	1.19	1	61	51	25	47	2.44	0	53533318
M06	svc_reader	319488	319488	303104	303104	1.054	1	1.19	1	85	52	47	47	1.81	0	50335428
M07	svc_reader	24576	40960	40960	32768	1.667	0	4.49	0	16	6	7	8	2.67	0	1551050
M08	svc_reader	16384	16384	8192	8192	2	0	0.99	1	5	4	4	4	1.25	1	2136285
M09	svc_reader	127196	127196	163840	163840	1.288	0	0.2	1	19	22	30	30	1.58	0	1625500
M09N	svc_reader	245836	245836	294912	294912	1.2	0	0.48	1	9	9	12	11	1.33	1	1275045
M10	svc_reader	123511	123511	65536	65536	1.885	0	0.57	1	12	13	9	9	1.44	1	12411108
M11	svc_reader	1261568	1261568	1335296	1335296	1.058	1	1.14	1	20	20	25	24	1.25	1	1880574
M12	svc_reader	11762	11762	8192	8192	1.436	0	0.96	1	17	6	5	5	3.4	0	9200982
M13	svc_reader	47983	47983	15336	92465	6.029	0	9.6	0	9	5	3	4	3	0	4631132
M14	default	3497984	3497984	2957312	3989504	1.349	0	2.2	0	57	52	52	46	1.24	1	7940929
M15	svc_reader	312	312	2312	9792	31.385	0	0.01	1	2	2	2	2	1	1	456421
O01	analyst	196608	196608	114688	114688	1.714	0	1.34	1	81	67	40	39	2.08	0	63871894
O03	analyst	2065576	2065780	2059372	2066738	1.004	1	1.23	1	212	206	284	275	1.38	1	347557074
O06	analyst	22082	22082	16384	16384	1.348	0	0.74	1	21	23	20	20	1.15	1	39957834
O06R	analyst	1196032	1196032	1040384	1040384	1.15	0	1.09	1	35	38	31	32	1.23	1	40057390
O08	analyst	21030	16384	16384	16384	1.284	0	0.38	1	10	3	3	3	3.33	0	1327701
O09	analyst	21030	16384	16384	16384	1.284	0	0.38	1	8	4	3	3	2.67	0	1388332
O11	analyst	2064384	2064384	2056192	2056192	1.004	1	1.22	1	343	335	408	397	1.22	1	372902006
O22	analyst	11762	11762	8192	8192	1.436	0	0.71	1	8	8	9	8	1.12	1	16623872
O23	analyst	180672	180672	90560	90560	1.995	0	0.46	1	19	19	10	10	1.9	0	8570438
O23D	analyst	188864	188864	115880	118856	1.63	0	1.38	1	20	21	12	12	1.75	0	8550990
O30	analyst	21030	16384	16384	16384	1.284	0	0.38	1	7	3	3	3	2.33	0	1111428
O31	analyst	196608	196608	114688	114688	1.714	0	1.34	1	65	56	23	25	2.83	0	52769823
PM05	analyst	679212	679212	729088	729088	1.073	1	1.55	1	65	66	53	53	1.25	1	27019832
PM08	analyst	297858	297858	204800	204800	1.454	0	1805.2	0	7	7	6	7	1.17	1	2214913
PM11	analyst	2766864	2766864	2693352	2693352	1.027	1	1	1	49	48	44	44	1.11	1	3826628
PO01	analyst	351319	351319	212992	212992	1.649	0	2.56	0	144	145	94	92	1.58	0	114701300
PO08	analyst	38187	33581	47362	49152	1.464	0	0.7	1	6	6	5	6	1.2	1	2240599
PO22	analyst	11762	11762	16384	16384	1.393	0	1.63	1	18	22	27	21	1.5	1	25646103
R01	analyst	319488	319488	303104	303104	1.054	1	1.19	1	48	48	36	36	1.33	1	47742937
R02	analyst_t0	319488	319488	303104	303104	1.054	1	1.19	1	46	46	34	35	1.35	1	47727345
R03	analyst	196608	196608	114688	114688	1.714	0	1.34	1	49	52	28	27	1.93	0	46781674
R04	analyst_t0	196608	196608	114688	114688	1.714	0	1.34	1	51	52	27	27	1.93	0	46776146
R10	analyst	38187	33581	47362	49152	1.464	0	0.7	1	4	4	4	4	1	1	1323152
R11	analyst_partner	38187	33581	89202	314587	9.368	0	4.45	0	5	4	6	11	2.75	0	1337886
R12	analyst_partner_sq	38227	33621	47402	49192	1.463	0	0.7	1	5	4	4	4	1.25	1	1266441
R13	analyst_partner	38187	33581	47362	49152	1.464	0	0.7	1	5	5	5	5	1	1	1315314
R14	analyst_partner_sq	38227	33621	47402	49192	1.463	0	0.7	1	5	4	4	4	1.25	1	1396507
R20	analyst	351319	351319	212992	212992	1.649	0	2.56	0	111	116	65	64	1.81	0	57017200
R21	analyst_partner	368816	368816	871733	2285372	6.197	0	16.68	0	119	119	92	126	1.37	1	63655822
R22	analyst_partner_sq	351359	351359	213032	213032	1.649	0	2.57	0	110	110	65	64	1.72	0	57022982
