qid	scope_devices	read_rows	p95_ms	memory_usage_max
M05	10	303104	21	21485242
M05	25	303104	36	29991515
M05	50	303104	49	33609951
M05	100	303104	26	59790620
M05	200	303104	84	116213241
M06	10	303104	37	21553449
M06	25	303104	40	30346724
M06	50	303104	55	30403234
M06	100	303104	72	57705441
M06	200	303104	92	146858737
M09N	10	98304	6	1003390
M09N	25	196608	9	1153081
M09N	50	229376	11	1191186
M09N	100	311296	11	1259439
M09N	200	319488	11	1446913
M14	10	1261568	35	5330642
M14	25	1916928	34	5369416
M14	50	2809856	45	5590400
M14	100	5341184	54	6383416
M14	200	8577024	69	7445832
M15	10	9792	2	402148
M15	25	9792	2	415027
M15	50	9792	2	435180
M15	100	9792	2	480190
M15	200	9792	2	580962
