step	table	rows	parts	partitions	bytes_on_disk	compressed	uncompressed	bytes_per_row	disk_bytes_per_row	pk_bytes_in_memory	skip_index_bytes	largest_part_rows
s1	device_dim_src	448	1	1	17245	12761	24370	28.48	38.49	68	0	448
s1	device_site_src	448	1	1	17954	15518	21439	34.64	40.08	100	0	448
s1	fdb_presence	2482971	8	3	13502898	11596019	130843762	4.67	5.44	8981	1808808	1146398
s1	fdb_presence_by_mac	2349931	6	3	18596926	18531562	98226832	7.89	7.91	3977	0	1146398
s1	fdb_vlan_daily	40315	9	3	8361439	8340505	22672659	206.88	207.4	773	0	19947
s1	interface_changes	1192	7	2	81406	46321	89267	38.86	68.29	1191	238	198
s1	interface_daily	368816	6	1	17376476	16986948	55633178	46.06	47.11	2635	0	197721
s1	interface_hourly	4448267	6	1	126611955	126108172	696742728	28.35	28.46	15407	0	1616875
s1	interface_hourly_by_time	4448267	8	1	251584732	250982704	697460858	56.42	56.56	13991	0	2966612
s1	interface_samples	43335936	13	2	594717451	593491891	6629033560	13.7	13.72	118572	0	6964704
s1	location_src	94	2	1	7794	2435	4300	25.9	82.91	104	0	51
s1	probe_hourly	17347	3	1	10051434	10015069	21819797	577.34	579.43	505	0	13777
s1	probe_intervals	1028160	10	2	22582869	22439408	108774201	21.82	21.96	5805	0	575280
s1	set_walks	903168	2	1	15380463	15349117	49684671	16.99	17.03	2431	0	774144
s1	syslog	2931191	75	21	157546845	102267325	589573784	34.89	53.75	16290	53938112	155320
s1	syslog_by_scope	2931191	81	21	64789501	64349721	132143245	21.95	22.1	21835	2659	178403
s1	syslog_daily	33581	4	3	159766	142784	1080826	4.25	4.76	595	0	21446
